shapeName,shapeISO,shapeID,shapeGroup,shapeType,name_norm,_key,tehsil,spi_mean,spi_count,ai_mean,ai_count,area_km2,spi,ai,spi_z,ai_z,gap_index,gap_rank,n_neighbors,spi_cluster,spi_local_I,spi_local_p,ai_cluster,ai_local_I,ai_local_p,gap_cluster,gap_local_I,gap_local_p,priority_strict,priority_relaxed,priority_lisa,tri_mean,forest_pct,water_pct,snow_pct,tri_mean_z,forest_pct_z,water_pct_z,snow_pct_z,spi_alt_proposal,spi_alt_equal,spi_alt_terrain_emphasis,spi_alt_veg_water_emph,priority_frequency,spi_class,ai_class,biv_class
BAGH,,9618217B73079690921862,PAK,ADM3,BAGH,BAGH,BAGH,-0.1103333979845047,44829,0.8665540814399719,44829,449.2769935179932,-0.1103333979845047,0.8665540814399719,0.3999382507024553,0.6907443119659377,-0.29080606126348235,39,6,NS,0.15779682624148383,0.171,HH,0.39072854417927705,0.068,NS,0.014406359505770027,0.414,False,False,False,38.984833,0.3619673,0.0010682096,0.055200886,-0.027431956584124985,1.3902314931347897,-0.6926405262118231,-0.5026692516946619,0.09889473289795667,0.0418724396610449,0.0850338536489227,0.1602793416580443,0.0,Med,Med,Med SPI / Med AI
DHEERKOT,,9618217B97675599580596,PAK,ADM3,DHEERKOT,DHEERKOT,DHEERKOT,-0.3650264143943786,21920,0.8414749503135681,21920,230.17283944944074,-0.3650264143943786,0.8414749503135681,-0.42347945086916755,0.5890523178853904,-1.0125317687545579,50,4,NS,-0.2412564361190083,0.148,NS,0.2945006517475209,0.157,NS,-0.020445096978735876,0.465,False,False,False,37.58956,0.20416413,8.693384e-05,0.029929787,-0.12883076167116939,0.2559301139641171,-0.7000898905091667,-0.7360784661559007,-0.2683419094268935,-0.3272672510930299,-0.22865461154252137,-0.24730443686279246,0.0,Med,Med,Med SPI / Med AI
BARNALA,,9618217B79573260848394,PAK,ADM3,BARNALA,BARNALA,BARNALA,-0.6738541722297668,40034,0.9482070803642272,40034,425.7600286789205,-0.6738541722297668,0.9482070803642272,-1.4219137468810417,1.0218345814578602,-2.443748328338902,75,2,NS,0.9066201618740245,0.172,NS,0.7861663015237624,0.145,NS,0.995445389096451,0.158,False,False,False,9.399435,0.21499036,0.0035702542,0.00036567435,-2.1774969469107774,0.3337498955689498,-0.673646232070535,-1.0091388611430232,-1.0152434761692464,-0.8816330361388465,-1.2744162583236325,-0.8729065025916356,0.0,Low,High,Low SPI / High AI
BHIMBER,,9618217B68732265330698,PAK,ADM3,BHIMBER,BHIMBER,BHIMBER,-0.4752587974071502,35951,0.8319352865219116,35951,372.16655806900684,-0.4752587974071502,0.8319352865219116,-0.7798586588214919,0.5503704580975848,-1.3302291169190767,54,3,LL,0.6861932207212694,0.072,HH,0.524001004620272,0.007,LL,0.7055419830785261,0.041,False,False,False,13.636903,0.30902788,0.00013438331,0.0013758253,-1.8695466811403445,1.0096988706816483,-0.6997296773944663,-0.99980889373794,-0.7418243349551898,-0.6398465953977757,-0.9877643521037035,-0.5828580965469164,0.0,Low,Med,Low SPI / Med AI
SAMAHNI,,9618217B74772899110096,PAK,ADM3,SAMAHNI,SAMAHNI,SAMAHNI,-0.3921881020069122,38294,0.9446962475776672,38294,398.29089868549937,-0.3921881020069122,0.9446962475776672,-0.5112926728411687,1.0075986980395242,-1.5188913708806928,58,4,LL,0.4447639329286195,0.045,HH,0.8562663791279117,0.019,LL,0.7562268850243097,0.027,False,False,False,21.258482,0.3330739,0.0,0.0015146498,-1.3156622716823727,1.1825436260898892,-0.7007498495540259,-0.9985266806294348,-0.5047011946030502,-0.45809879394398606,-0.6762138901507276,-0.3649020581606668,0.0,Med,High,Med SPI / High AI
HATTIAN BALA,,9618217B68754169353282,PAK,ADM3,HATTIAN BALA,HATTIAN BALA,HATTIAN BALA,0.2029001712799072,70027,0.7999044060707092,70027,724.0401355896432,0.2029001712799072,0.7999044060707092,1.4126164516771824,0.4204901967431929,0.9921262549339895,31,3,NS,0.4924222687822848,0.276,NS,0.1704998120454077,0.269,NS,-0.0163409461603286,0.498,False,False,False,48.72398,0.49660945,0.0063391663,0.1033139,0.6803428585052623,2.3580497428715104,-0.6526260102963131,-0.05828727589529553,0.6854497789563976,0.581869828796291,0.705144384898192,0.7396181864546594,0.0,High,Med,High SPI / Med AI
HAVELI,,9618217B64863264884629,PAK,ADM3,HAVELI,HAVELI,HAVELI,0.0363727957010269,52193,0.8365833759307861,52193,542.024777328295,0.0363727957010269,0.8365833759307861,0.8742365982333482,0.5692177410545083,0.3050188571788399,35,2,NS,0.18941440066435128,0.406,NS,0.4595335734936183,0.126,NS,-0.052158857429235594,0.336,False,False,False,45.039948,0.40572947,0.0002766966,0.10091558,0.41261249882766354,1.7047974185817334,-0.6986493047273546,-0.08043866231003996,0.41479613582763664,0.3345804875930006,0.4304025380745693,0.4484948496944745,0.0,High,Med,High SPI / Med AI
KOTLI,,9618217B93166287325125,PAK,ADM3,KOTLI,KOTLI,KOTLI,-0.4139888882637024,92875,0.944545567035675,92875,939.7529399679773,-0.4139888882637024,0.944545567035675,-0.5817742021938695,1.006987711769422,-1.5887619139632916,61,7,LL,0.29429979527430966,0.088,HH,0.8629154996792027,0.003,LL,0.6268506243088747,0.009,False,False,False,23.862583,0.30029902,0.00019154439,0.003169295,-1.1264139528486274,0.946955134724166,-0.6992957385869826,-0.9832440288092785,-0.4940140532952303,-0.4654996463801806,-0.6261969145889197,-0.3761481844054758,0.0,Low,High,Low SPI / High AI
NAKIAL,,9618217B15093186041287,PAK,ADM3,NAKIAL,NAKIAL,NAKIAL,-0.3797376155853271,18210,0.9571930170059204,18210,190.82236338762738,-0.3797376155853271,0.9571930170059204,-0.47104048588598363,1.0582711633780837,-1.5293116492640673,59,1,NS,0.2706560028418081,0.295,HH,1.0525096861646033,0.081,NS,0.6947602433095734,0.243,False,False,False,29.442137,0.27644837,5.247691e-05,0.017462034,-0.7209300388150547,0.7755148148516764,-0.7003514706151297,-0.8512332704641783,-0.3687637580882116,-0.3742499912606716,-0.43809976759908825,-0.28639742541242263,0.0,Med,High,Med SPI / High AI
SEHNSA,,9618217B87362341551768,PAK,ADM3,SEHNSA,SEHNSA,SEHNSA,-0.2940476834774017,47466,0.8237859606742859,47466,485.5476113404175,-0.2940476834774017,0.8237859606742859,-0.19400655720304175,0.5173262034270267,-0.7113327606300685,46,3,NS,0.11074995115396838,0.171,HH,0.4362375919021963,0.046,LL,0.29122692533521716,0.095,False,False,False,22.803356,0.39747867,0.00012359412,0.0031258329,-1.2033913485554522,1.645490008193041,-0.6998115836855963,-0.983645453313785,-0.3465058773460242,-0.3103395943404481,-0.525116228189025,-0.18987011602719014,0.0,Med,Med,Med SPI / Med AI
DUDYAL,,9618217B37808039502792,PAK,ADM3,DUDYAL,DUDYAL,DUDYAL,-0.463477075099945,30598,0.925215482711792,30598,317.5687767404139,-0.463477075099945,0.925215482711792,-0.7417685735906433,0.9286072124318173,-1.6703757860224606,64,3,NS,0.370030404483116,0.207,HH,0.7296933908191321,0.079,NS,0.6212573679606936,0.112,False,False,False,9.195518,0.37413016,0.00028338423,0.0023628229,-2.192316280726296,1.4776591047851444,-0.6985985355707884,-0.9906927750185848,-0.735754184175792,-0.6009871216326312,-1.054020015994525,-0.5376507029278303,0.0,Low,High,Low SPI / High AI
MIRPUR,,9618217B94086344698677,PAK,ADM3,MIRPUR,MIRPUR,MIRPUR,-0.4627669155597687,56758,0.9089204668998718,56758,582.1858084312614,-0.4627669155597687,0.9089204668998718,-0.7394726412381828,0.8625334460347187,-1.6020060872729016,63,4,NS,0.4774061130034256,0.115,HH,0.7440286086808271,0.022,LL,0.6995225160929377,0.045,False,False,False,6.92488,0.39677525,0.0025413397,0.0028884744,-2.35733073369621,1.6404337403543685,-0.6814572457160243,-0.9858377466197912,-0.7484163201722445,-0.5960479964194143,-1.1006728676276036,-0.5333090714245272,0.0,Low,High,Low SPI / High AI
MUZAFFARABAD,,9618217B57894485120071,PAK,ADM3,MUZAFFARABAD,MUZAFFARABAD,MUZAFFARABAD,0.1007539555430412,128708,0.6843277812004089,128708,1303.0581155334173,0.1007539555430412,0.6843277812004089,1.0823796694839325,-0.048155124058459155,1.1305347935423917,28,5,HH,0.8658171918356591,0.027,NS,-0.002625963053992258,0.472,NS,0.24397308476390034,0.171,False,True,False,47.625328,0.41140854,0.06777892,0.07368786,0.6005003301422989,1.7456190212085922,-0.18620553633692655,-0.33191966096382625,0.5429548313918021,0.45699853851253464,0.571655189717755,0.6074964721764616,0.0,High,Med,High SPI / Med AI
ATHUMQAM,,9618217B55768510626440,PAK,ADM3,ATHUMQAM,ATHUMQAM,ATHUMQAM,0.2663966715335846,345318,0.5012511014938354,345318,3494.316731916934,0.2663966715335846,0.5012511014938354,1.6178994352223022,-0.790502717169702,2.408402152392004,13,4,HH,1.1474373334805719,0.066,LL,0.5226204067709738,0.083,HH,0.955502869507347,0.061,False,True,True,54.254936,0.3083545,0.08816097,0.2559393,1.0822950495129156,1.0048585380199186,-0.0314750417234346,1.3513932306163028,0.8940015396130737,0.8517679441064256,0.9401069606943717,0.820986300421437,0.0,High,Low,High SPI / Low AI
ABBASPUR,,9618217B83205974251307,PAK,ADM3,ABBASPUR,ABBASPUR,ABBASPUR,-0.2220367044210434,10289,0.9290246367454528,10289,104.27144702372694,-0.2220367044210434,0.9290246367454528,0.03880357516072125,0.9440527423224084,-0.9052491671616871,49,4,NS,0.001621294563301367,0.474,HH,0.768075298620169,0.04,NS,0.20228075897406286,0.21,False,False,False,38.70563,0.30568355,0.0,0.02927778,-0.047722418532402465,0.9856595871985188,-0.7007498495540259,-0.742100547680552,-0.05885802913362673,-0.1262283071421154,-0.04315685141168414,-0.005121393940754393,0.0,Med,High,Med SPI / High AI
HAJEERA,,9618217B82484311896760,PAK,ADM3,HAJEERA,HAJEERA,HAJEERA,-0.3940492868423462,25919,0.960910975933075,25919,267.82666791784163,-0.3940492868423462,0.960910975933075,-0.5173098481881628,1.0733469112302036,-1.5906567594183665,62,4,NS,0.19683993937428648,0.219,HH,0.9378073082816754,0.017,LL,0.5776018756669005,0.086,False,False,False,29.247267,0.28356037,0.0012688935,0.014650938,-0.7350918614184596,0.8266363968858651,-0.691117033050697,-0.8771971445418284,-0.3642858877934997,-0.36919241053128,-0.4374657779709356,-0.2768954693037269,0.0,Med,High,Med SPI / High AI
RAWALAKOT,,9618217B87664867246475,PAK,ADM3,RAWALAKOT,RAWALAKOT,RAWALAKOT,-0.4158055782318115,35278,0.9333879351615906,35278,356.77077892190624,-0.4158055782318115,0.9333879351615906,-0.5876475264769403,0.9617452418938309,-1.5493927683707711,60,5,NS,0.1059195694223687,0.322,HH,0.7452668968801752,0.027,NS,0.42845994823733463,0.123,False,False,False,31.616339,0.209018,0.00019628736,0.03604998,-0.5629238638855067,0.29082014008862433,-0.6992597322222386,-0.6795510625782096,-0.4000804762978609,-0.41272862964933266,-0.4301195231450958,-0.3583787095813558,0.0,Low,High,Low SPI / High AI
PALLANDARI,,9618217B46803973144296,PAK,ADM3,PALLANDARI,PALLANDARI,PALLANDARI,-0.3609914779663086,56661,0.8505352139472961,56661,572.5306834574859,-0.3609914779663086,0.8505352139472961,-0.41043457776498216,0.6257902842513482,-1.0362248620163304,51,4,NS,0.19059752146672665,0.189,HH,0.549985613644506,0.017,LL,0.4029809998134692,0.073,False,False,False,30.444464,0.27520165,1.745871e-05,0.018879864,-0.6480877489329968,0.7665532907871428,-0.7006173116012958,-0.8381378873697318,-0.3429434292239687,-0.3550724142792204,-0.40154649615472393,-0.26533534844953993,0.0,Med,Med,Med SPI / Med AI
BAR CHAMARKAND,,9618217B38361138378149,PAK,ADM3,BAR CHAMARKAND,BAR CHAMARKAND,BAR CHAMARKAND,-0.6157772541046143,1547,0.9068084359169006,1547,16.66556358839703,-0.6157772541046143,0.9068084359169006,-1.2341521697829954,0.8539694873738017,-2.088121657156797,70,2,LL,2.1365981627746335,0.005,HH,0.7292897720401765,0.095,LL,1.5628946445186396,0.005,False,False,False,36.462944,0.057057057,0.0,0.026073143,-0.21070563522060137,-0.8014869617027269,-0.7007498495540259,-0.771699245939074,-0.5686085318515123,-0.621160423104107,-0.48651757427481107,-0.594600128356366,0.0,Low,High,Low SPI / High AI
BARANG,,9618217B27103402875346,PAK,ADM3,BARANG,BARANG,BARANG,-0.5773922204971313,26462,0.9100061058998108,26462,267.0539384890698,-0.5773922204971313,0.9100061058998108,-1.1100540826294847,0.8669355441057788,-1.9769896267352634,69,5,LL,1.5139692462212821,0.001,HH,0.7311729127277562,0.011,LL,1.2633825303073396,0.001,False,False,False,39.55876,0.05099214,0.00018719581,0.015049579,0.014277277898833885,-0.8450820620914724,-0.6993287508562669,-0.8735152163991274,-0.5208422617093551,-0.6009121878620082,-0.3978043685571867,-0.5551009054317273,0.0,Low,High,Low SPI / High AI
KHAR,,9618217B31254576320005,PAK,ADM3,KHAR,KHAR,KHAR,-0.9116582274436952,27496,0.9592697620391846,27496,276.41142835889747,-0.9116582274436952,0.9592697620391846,-2.1907297565573596,1.066692042975749,-3.2574217995331085,81,7,LL,3.143294041615327,0.001,HH,0.9635541050015968,0.002,LL,2.2050435308920946,0.001,False,False,False,12.835186,0.008249213,0.00025326532,0.005125093,-1.9278099923121448,-1.152321528436124,-0.698827183581794,-0.9651798658932431,-1.295615289313289,-1.1860346425558264,-1.4439703592645527,-1.2435232320039153,0.0,Low,High,Low SPI / High AI
MAMUND,,9618217B90172425710539,PAK,ADM3,MAMUND,MAMUND,MAMUND,-0.7675642967224121,26014,0.9451161026954652,26014,266.03283752224746,-0.7675642967224121,0.9451161026954652,-1.7248768057485369,1.009301145542135,-2.734177951290672,79,3,LL,2.9565466043831408,0.001,HH,0.9699088240302884,0.002,LL,2.117537556661343,0.002,False,False,False,24.003092,0.027933381,7.5190794e-05,0.014952587,-1.116202742041672,-1.0108301978824774,-0.7001790379532757,-0.8744110518631024,-0.9582965271484802,-0.925405757435132,-0.9964559240697883,-0.9443162992450291,0.0,Low,High,Low SPI / High AI
NAWAGAI,,9618217B6749340310851,PAK,ADM3,NAWAGAI,NAWAGAI,NAWAGAI,-0.7279031276702881,12529,0.9082799553871156,12529,127.09234227098358,-0.7279031276702881,0.9082799553871156,-1.59665299685545,0.8599362710115716,-2.4565892678670216,76,4,LL,2.782844513225404,0.001,HH,0.8067212915470642,0.006,LL,1.9068267389895497,0.001,False,False,False,28.117872,0.031849638,0.0005504876,0.014326882,-0.8171685556329781,-0.982679844957963,-0.6965708178658027,-0.8801901987475097,-0.8470311590336955,-0.8441523543010634,-0.8416343993000784,-0.8461257544558594,0.0,Low,High,Low SPI / High AI
SALARZAI,,9618217B53890861075426,PAK,ADM3,SALARZAI,SALARZAI,SALARZAI,-0.6729782819747925,23575,0.940928280353546,23575,237.95614985386965,-0.6729782819747925,0.940928280353546,-1.4190820102643638,0.9923201742852614,-2.411402184549625,74,4,LL,2.176773426883721,0.001,HH,0.9499893854939921,0.003,LL,1.7392660463670842,0.003,False,False,False,25.181694,0.08920543,0.00029413,0.015034009,-1.030549968611105,-0.5704019666159502,-0.6985169589251167,-0.8736590228333602,-0.8177281770195697,-0.793281979246383,-0.8651817748925141,-0.7859636737243998,0.0,Low,High,Low SPI / High AI
UTMAN KHEL,,9618217B58376820156413,PAK,ADM3,UTMAN KHEL,UTMAN KHEL,UTMAN KHEL,-0.6065471768379211,17036,0.9189379811286926,17036,170.30611119254485,-0.6065471768379211,0.9189379811286926,-1.2043115046740707,0.9031529153665941,-2.1074644200406647,71,4,LL,1.5624039546432342,0.004,HH,0.8223781631395547,0.01,LL,1.3471499327944825,0.003,False,False,False,30.457394,0.097205915,0.00011739845,0.02521947,-0.6471480907677348,-0.5128938553690605,-0.699858618149132,-0.7795839467987545,-0.6506138086005496,-0.6598711277711704,-0.6480692011998624,-0.6399148303981347,0.0,Low,High,Low SPI / High AI
AMBAR UTMAN KHEL,,9618217B21414584218612,PAK,ADM3,AMBAR UTMAN KHEL,AMBAR UTMAN KHEL,AMBAR UTMAN KHEL,-0.7725338935852051,22047,0.8985021710395813,22047,233.19628794933223,-0.7725338935852051,0.8985021710395813,-1.7409434183482055,0.8202888692344229,-2.5612322875826283,78,2,LL,2.837766864307386,0.007,HH,0.7832756478654779,0.036,LL,1.916756608428881,0.006,False,False,False,26.878597,0.010209334,0.0011582018,0.0112052495,-0.9072306115885461,-1.1382320259173606,-0.6919573496982494,-0.9090222533613976,-0.9222846411472608,-0.9116105601413884,-0.9214086514366924,-0.922981466680544,0.0,Low,High,Low SPI / High AI
SAFI,,9618217B32259055898287,PAK,ADM3,SAFI,SAFI,SAFI,-0.8245413899421692,30830,0.910617172718048,30830,322.88028693270456,-0.8245413899421692,0.910617172718048,-1.9090826697434227,0.8694133254511449,-2.7784959951945676,80,3,LL,2.845294756924183,0.004,HH,0.726785423760427,0.059,LL,1.8713700049206528,0.006,False,False,False,21.383608,0.012261581,0.0025699777,0.007692641,-1.3065689754797598,-1.123480318172655,-0.6812398405594307,-0.9414654468459134,-1.0627102784421485,-1.0131886452644396,-1.1213863444852123,-1.040544565262469,0.0,Low,High,Low SPI / High AI
UPPER MOMAND,,9618217B63558675564153,PAK,ADM3,UPPER MOMAND,UPPER MOMAND,UPPER MOMAND,-0.7587194442749023,49075,0.8997355699539185,49075,513.8074016796696,-0.7587194442749023,0.8997355699539185,-1.6962815651890226,0.8252901108828498,-2.5215716760718725,77,1,LL,3.198362211464306,0.02,NS,0.7086599701378793,0.208,LL,2.0033703148781683,0.024,False,False,False,23.797592,0.039929137,0.00048670327,0.012831732,-1.1311370554187905,-0.9246037792092184,-0.6970550372166284,-0.8939997195364433,-0.9452598655494957,-0.9116988978452701,-0.9891474970641996,-0.9250859676230263,0.0,Low,High,Low SPI / High AI
ASTORE,,9618217B70325037560475,PAK,ADM3,ASTORE,ASTORE,ASTORE,-0.0445630475878715,518641,0.4514433443546295,518641,5206.053764504701,-0.0445630475878715,0.4514433443546295,0.6125725487234216,-0.9924654613587492,1.6050380100821708,22,6,HH,0.35164680745770427,0.071,LL,0.8863676998577863,0.015,HH,0.6817636364227194,0.018,False,True,True,48.84534,0.027667437,0.1930113,0.2683244,0.6891625324600177,-1.0127418293738926,0.764497196820856,1.4657846341933154,0.4340777952203673,0.47667563352507414,0.476575175007356,0.3139182052600489,0.0,Med,Low,Med SPI / Low AI
CHILAS,,9618217B41750222117386,PAK,ADM3,CHILAS,CHILAS,CHILAS,-0.1923608779907226,421974,0.4487928450107574,421974,4219.784738764564,-0.1923608779907226,0.4487928450107574,0.1347449603464434,-1.003212825859897,1.1379577862063404,27,6,HH,0.11272730564857367,0.013,LL,1.0072997474083416,0.01,HH,0.6064256871553082,0.004,False,True,True,50.24708,0.049529117,0.14758255,0.15173729,0.7910315131624284,-0.8555983783408809,0.4196244021801268,0.388961366507277,0.2246785887591104,0.18600472587723782,0.34568394621614856,0.14388024596758747,0.0,Med,Low,Med SPI / Low AI
DAREL TANGIR,,9618217B87521623220935,PAK,ADM3,DAREL TANGIR,DAREL TANGIR,DAREL TANGIR,-0.1290067732334137,268204,0.3562758564949035,268204,2682.0354177087866,-0.1290067732334137,0.3562758564949035,0.3395675819468711,-1.378354891232293,1.717922473179164,19,6,HH,0.22701506161264368,0.035,LL,2.0430866188726173,0.001,HH,1.0697443765038213,0.002,False,True,True,50.63146,0.089939,0.0979702,0.18143623,0.8189653783484804,-0.565129013825415,0.04299184252297315,0.6632670388841139,0.28660740524703177,0.2400238114825381,0.4023957186202203,0.18638892582027997,0.0,Med,Low,Med SPI / Low AI
KHAPLU,,9618217B25754962135590,PAK,ADM3,KHAPLU,KHAPLU,KHAPLU,-0.0260675810277462,262577,0.4732645452022552,262577,2637.432394734466,-0.0260675810277462,0.4732645452022552,0.6723680420553807,-0.9039838701806987,1.5763519122360794,23,4,NS,0.3895243985033374,0.121,LL,1.1881184325857261,0.004,HH,0.8642255772539904,0.014,False,True,True,52.011997,0.005816378,0.37304446,0.17750528,0.9192935358962885,-1.1698089339062392,2.131220600525502,0.6269600345467266,0.5809366311015869,0.6269163092655694,0.6394120764277306,0.5516945359103993,0.0,High,Low,High SPI / Low AI
MASHABRUM,,9618217B85218379767883,PAK,ADM3,MASHABRUM,MASHABRUM,MASHABRUM,0.049782671034336,586013,0.263824462890625,586013,5908.064033408854,0.049782671034336,0.263824462890625,0.9175904713821342,-1.753230979393357,2.6708214507754913,9,2,NS,0.6510213817160367,0.187,LL,2.1797451447080682,0.055,HH,1.5099746172011304,0.075,True,True,True,50.29164,0.000455321,0.33772123,0.27496937,0.7942697922680264,-1.2083446288658408,1.8630639574227221,1.5271589287797545,0.6539528473178444,0.7440370124011655,0.6639994032912165,0.5706173776932993,4.0,High,Low,High SPI / Low AI
GUPIS,,9618217B90015961408219,PAK,ADM3,GUPIS,GUPIS,GUPIS,0.1171110942959785,529770,0.2441778182983398,529770,5298.000053249942,0.1171110942959785,0.2441778182983398,1.1352619894866007,-1.8328950816109113,2.968157071097512,4,7,HH,1.041003980193944,0.004,LL,2.97058241455164,0.001,HH,2.1807129029137156,0.001,True,True,True,49.8549,0.004460426,0.39632672,0.29011142,0.762530443195103,-1.1795556229363764,2.307968088774559,1.6670141354298642,0.7669931942250766,0.8894892611157874,0.7416014306409398,0.7019365885857374,4.0,High,Low,High SPI / Low AI
ISHKOMEN,,9618217B15965056410830,PAK,ADM3,ISHKOMEN,ISHKOMEN,ISHKOMEN,0.1026505827903747,274286,0.2543298304080963,274286,2754.8893163101693,0.1026505827903747,0.2543298304080963,1.0885114294777922,-1.7917302441941918,2.880241673671984,6,7,HH,1.0257776084290096,0.003,LL,2.7348394406451266,0.001,HH,2.0586314771666983,0.001,True,True,True,56.275208,0.003916757,0.33913526,0.26778734,1.2291145932919545,-1.1834635569298086,1.8737985851473962,1.4608241637996167,0.8012487682091345,0.8450684463272897,0.8780579976020674,0.7012685817654354,4.0,High,Low,High SPI / Low AI
PUNIAL,,9618217B13486207754369,PAK,ADM3,PUNIAL,PUNIAL,PUNIAL,-0.1569789946079254,154058,0.2606081664562225,154058,1540.4236789470845,-0.1569789946079254,0.2606081664562225,0.2491339196630704,-1.766272563502473,2.0154064831655436,16,4,HH,0.18587462367261132,0.061,LL,2.5667279181664306,0.001,HH,1.283266358439145,0.005,False,True,True,49.034477,0.011664438,0.23540485,0.17290892,0.7029076841023991,-1.1277726256176783,1.0863282228923279,0.584507012621497,0.2982415801341851,0.31149257349963644,0.37652460225473755,0.23179862516172278,0.0,Med,Low,Med SPI / Low AI
YASIN,,9618217B38991384841424,PAK,ADM3,YASIN,YASIN,YASIN,0.0685531795024871,250094,0.3395663201808929,250094,2500.832620437283,0.0685531795024871,0.3395663201808929,0.9782751699971234,-1.4461094740911895,2.424384644088313,12,3,HH,1.1368836307757038,0.013,LL,2.405700725501121,0.005,HH,1.9833642318253557,0.002,True,True,True,54.263283,0.0029588875,0.31122297,0.2702188,1.0829016204129283,-1.190348798595787,1.6619021877144098,1.48328157113219,0.7104651192648981,0.7594341451659352,0.7751586143142966,0.6057336291435733,4.0,High,Low,High SPI / Low AI
GILGIT,,9618217B24239170098361,PAK,ADM3,GILGIT,GILGIT,GILGIT,-0.092282697558403,400265,0.4785788059234619,400265,4002.692458970027,-0.092282697558403,0.4785788059234619,0.4582958235410419,-0.8824353656858809,1.340731189226923,25,9,HH,0.28628529061290714,0.02,LL,1.2254012116070527,0.001,HH,0.7815058969397681,0.001,False,True,True,55.214275,0.028990794,0.23045732,0.1625445,1.1520132774789573,-1.0032294349646085,1.0487690168199792,0.4887791001994675,0.4599069117803723,0.4215829898834489,0.6059929692994739,0.3801442719892196,0.0,Med,Low,Med SPI / Low AI
ALIABAD,,9618217B18607943062555,PAK,ADM3,ALIABAD,ALIABAD,ALIABAD,0.0807007402181625,80554,0.2649150192737579,80554,805.707053881232,0.0807007402181625,0.2649150192737579,1.0175480038784663,-1.7488089420947324,2.7663569459731985,7,3,HH,1.2093751166798676,0.008,LL,2.736432325801244,0.006,HH,2.2051114637763205,0.003,True,True,True,68.42625,0.0011669191,0.2853862,0.1980125,2.1121692698780254,-1.203229606204243,1.4657621432358665,0.816369021931846,0.8948780759397906,0.7977677072103738,1.1577583884733211,0.7615777882008783,4.0,High,Low,High SPI / Low AI
GOJAL,,9618217B58972864826743,PAK,ADM3,GOJAL,GOJAL,GOJAL,0.2931330502033233,1069181,0.2491613626480102,1069181,10801.975096734663,0.2931330502033233,0.2491613626480102,1.7043376414319142,-1.8126875808026688,3.517025222234583,1,5,HH,1.6079513015523341,0.01,LL,2.8982933912371003,0.001,HH,2.588714668280041,0.001,True,True,True,53.695877,0.0013062021,0.5455463,0.30940866,1.041666442711972,-1.202228429075879,3.4407698434826086,1.8452475444350842,1.121229625263759,1.2813638503884466,1.073290143728464,1.0888109966267427,4.0,High,Low,High SPI / Low AI
NAGAR-I,,9618217B7415913583848,PAK,ADM3,NAGAR I,NAGAR I,NAGAR-I,0.0932945385575294,141391,0.3778337836265564,141391,1414.0358344825297,0.0932945385575294,0.3778337836265564,1.058263515551428,-1.2909408342136728,2.3492043497651007,15,5,HH,1.001730019842327,0.014,LL,1.9652511681987148,0.001,HH,1.6792016498475295,0.001,True,True,True,57.47573,0.006711884,0.35623202,0.23993637,1.3163604470136199,-1.1633719689413344,2.003588779597397,1.2035867100531152,0.8113182621495358,0.8400409919306995,0.9065821531661198,0.7273317448290021,4.0,High,Low,High SPI / Low AI
NAGAR-II,,9618217B11035459557122,PAK,ADM3,NAGAR II,NAGAR II,NAGAR-II,0.0281106531620025,145097,0.2894628942012787,145097,1450.7271779732664,0.0281106531620025,0.2894628942012787,0.84752524777923,-1.6492711096539872,2.496796357433217,10,5,HH,0.8917985293004146,0.007,LL,2.452031373292738,0.001,HH,1.835340581877767,0.001,False,True,True,58.813526,0.01523119,0.21773021,0.25472283,1.4135822851214632,-1.102134534145222,0.952151032449002,1.3401576454362354,0.677681901833254,0.6509391072153696,0.8302105374144727,0.5324957302205582,0.0,High,Low,High SPI / Low AI
GULTARI,,9618217B83227364220136,PAK,ADM3,GULTARI,GULTARI,GULTARI,-0.1243326514959335,349998,0.5967926383018494,349998,3527.741004090233,-0.1243326514959335,0.5967926383018494,0.3546789290587532,-0.40309657671940774,0.757775505778161,32,3,NS,0.14910266242650239,0.263,LL,0.3912937439385919,0.05,HH,0.30519426337778205,0.08,False,True,True,35.523872,0.0041870656,0.23185061,0.302237,-0.2789509604481753,-1.181520558738506,1.0593461783002887,1.7790085701267742,0.17465797384392476,0.3444708073100954,0.04997362029227051,0.09354637433808388,0.0,Med,Med,Med SPI / Med AI
KHARMANG,,9618217B70387484269248,PAK,ADM3,KHARMANG,KHARMANG,KHARMANG,-0.1287819594144821,277462,0.5043255090713501,277462,2789.4386265053045,-0.1287819594144821,0.5043255090713501,0.3402944007685081,-0.7780364704086787,1.1183308711771869,29,3,NS,0.15136605135436798,0.25,LL,0.6365527530574547,0.088,NS,0.40891755718337663,0.112,False,True,False,48.477707,0.005122745,0.2767537,0.18057048,0.662445413014439,-1.1747948233187213,1.4002283574938523,0.6552708575011856,0.34925703172438094,0.3857874511726889,0.40458862409273094,0.2946428949073563,0.0,Med,Low,Med SPI / Low AI
RONDU,,9618217B20972596228202,PAK,ADM3,RONDU,RONDU,RONDU,-0.0491728074848651,165172,0.4080899953842163,165172,1651.870393427601,-0.0491728074848651,0.4080899953842163,0.5976692822236795,-1.1682565796654598,1.7659258618891394,18,4,NS,0.31865048535513074,0.146,LL,1.3461212135792022,0.008,HH,0.8616907552861223,0.027,False,True,True,58.374084,0.0061511635,0.26317415,0.17999952,1.3816466599072195,-1.16740247105092,1.2971390987154552,0.6499972782304638,0.5811529885939806,0.5403451414505546,0.7494132922853136,0.4860576230703232,0.0,Med,Low,Med SPI / Low AI
SHIGAR,,9618217B26900800837648,PAK,ADM3,SHIGAR,SHIGAR,SHIGAR,0.002383382525295,886853,0.2982490956783294,886853,8917.203853891413,0.002383382525295,0.2982490956783294,0.7643494687413893,-1.6136444229042992,2.3779938916456884,14,7,HH,0.6182290900853972,0.007,LL,2.046703108049745,0.002,HH,1.4300951890491451,0.001,False,True,True,51.516426,0.0027317258,0.2990208,0.2495521,0.8832788045473156,-1.1919816543997819,1.5692692757978006,1.2923996645374438,0.5834859560586638,0.6382415226206946,0.632493412443988,0.49356641367432685,0.0,High,Low,High SPI / Low AI
SKARDU,,9618217B88498185372954,PAK,ADM3,SKARDU,SKARDU,SKARDU,-0.1338032335042953,193207,0.4056725800037384,193207,1932.184777118149,-0.1338032335042953,0.4056725800037384,0.3240607166719588,-1.178058824780043,1.5021195414520019,24,6,HH,0.17826981014300816,0.084,LL,1.1362660256656134,0.012,HH,0.6587005946068409,0.019,False,True,True,41.874683,0.008441723,0.26592204,0.22632304,0.1825826829501243,-1.1509377518771846,1.3179997561801178,1.0778511310085752,0.255339678500986,0.35687395456540816,0.22048142417792915,0.2006710880181976,0.0,Med,Low,Med SPI / Low AI
ALAI,,9618217B82118214800407,PAK,ADM3,ALAI,ALAI,ALAI,0.067724235355854,81851,0.7533820271492004,81851,818.5817149927121,0.067724235355854,0.7533820271492004,0.9755952092601808,0.23184915259959388,0.7437460566605869,33,5,HH,0.721834940005424,0.039,NS,0.055308823712043285,0.302,NS,0.1079516513708221,0.266,False,False,False,50.09878,0.24444418,0.0736338,0.1889752,0.7802540678658586,0.5454661961479872,-0.1417582001743392,0.7328985994863219,0.5276835526524438,0.4792151658314572,0.5878913330593242,0.4722113190835172,0.0,High,Med,High SPI / Med AI
BATAGRAM,,9618217B42013741972359,PAK,ADM3,BATAGRAM,BATAGRAM,BATAGRAM,-0.0176337677985429,53198,0.8273500204086304,53198,537.0035719552862,-0.0176337677985429,0.8273500204086304,0.699634400601699,0.531777913878275,0.16785648672342401,37,5,NS,0.3084006694724643,0.159,NS,0.27464560683920874,0.107,NS,-0.0036770823971283284,0.5,False,False,False,39.097275,0.37319827,0.11095385,0.053840343,-0.01926043745762819,1.470960615650397,0.14155734044494409,-0.5152355151945084,0.2862633658525165,0.26950550086080116,0.22851017818883068,0.3936140612898904,0.0,High,Med,High SPI / Med AI
DAGGAR,,9618217B69506225279330,PAK,ADM3,DAGGAR,DAGGAR,DAGGAR,-0.4535040557384491,64778,0.8153602480888367,64778,656.5941548691906,-0.4535040557384491,0.8153602480888367,-0.7095259907506141,0.48316124332353216,-1.1926872340741461,52,5,LL,0.47795309457916574,0.065,HH,0.25848035113177276,0.1,LL,0.41733471928489674,0.065,False,False,False,34.263165,0.1654788,0.0028782894,0.027664203,-0.37057061174273853,-0.02214308791159544,-0.678899288872794,-0.7570038764830398,-0.4224161191590241,-0.45715421625254193,-0.40509939825706337,-0.40108951358695466,0.0,Low,Med,Low SPI / Med AI
GAGRA,,9618217B56430132914599,PAK,ADM3,GAGRA,GAGRA,GAGRA,-0.3982023000717163,46037,0.7883821725845337,46037,472.097585627056,-0.3982023000717163,0.7883821725845337,-0.530736461356155,0.3737693237765359,-0.904505785132691,48,4,NS,0.024124988384373342,0.454,HH,0.2651910646958326,0.076,NS,0.19770180885070573,0.231,False,False,False,35.031857,0.20631659,4.23648e-05,0.025074977,-0.3147073169896473,0.27140214787989897,-0.7004282367735744,-0.7809185131738198,-0.33856637396588063,-0.3811629797642856,-0.325275241410953,-0.3052363869023911,0.0,Med,Med,Med SPI / Med AI
CHITRAL,,9618217B14913426707390,PAK,ADM3,CHITRAL,CHITRAL,CHITRAL,0.0528680011630058,584979,0.5161776542663574,584979,5917.922388566621,0.0528680011630058,0.5161776542663574,0.9275652852932096,-0.7299778565381391,1.6575431418313487,21,3,HH,1.0206374162780454,0.032,LL,0.6886817723455779,0.057,HH,0.9807802841565388,0.022,False,True,True,54.165703,0.04903805,0.27869678,0.250032,1.0758101745160702,-0.8591282115532576,1.4149792794282428,1.2968321851938853,0.7041138011167358,0.7321233568962352,0.7728511646407027,0.6132742365249872,0.0,High,Low,High SPI / Low AI
MASTUJ,,9618217B15142704211186,PAK,ADM3,MASTUJ,MASTUJ,MASTUJ,0.1699838638305664,879318,0.3439187705516815,879318,8849.246038145184,0.1699838638305664,0.3439187705516815,1.3061986526883669,-1.428460961664213,2.73465961435258,8,6,HH,1.5235187475998606,0.001,LL,2.0669881687986407,0.001,HH,2.0690974587898316,0.001,True,True,True,52.156555,0.0043812366,0.4000644,0.32150227,0.9297990223021304,-1.1801248426834086,2.3363427820263496,1.9569466245605256,0.8890563284522686,1.0107408965513993,0.8728679536024148,0.8025299430762828,4.0,High,Low,High SPI / Low AI
DASSU,,9618217B96945867102806,PAK,ADM3,DASSU,DASSU,DASSU,0.0787911340594291,351396,0.3454453647136688,351396,3513.9999394583187,0.0787911340594291,0.3454453647136688,1.0113742833096981,-1.4222708586777195,2.4336451419874177,11,6,HH,0.9270895966975208,0.004,LL,1.2067660250090126,0.018,HH,1.2436894929679898,0.006,True,True,True,56.94377,0.1316805,0.11360972,0.2462336,1.2777012550543996,-0.2650878352382597,0.1617193545725401,1.2617492645278134,0.6656172042795456,0.6090205097291234,0.7993533533446009,0.5334762542671491,4.0,High,Low,High SPI / Low AI
KANDIA,,9618217B42691934354201,PAK,ADM3,KANDIA,KANDIA,KANDIA,0.0977226048707962,208773,0.1788792759180069,208773,2087.676811297323,0.0977226048707962,0.1788792759180069,1.0725793701338293,-2.09767056173981,3.1702499318736397,2,5,HH,1.1254462842949247,0.006,LL,2.7740050897461974,0.001,HH,2.1768599225935623,0.001,True,True,True,60.750713,0.04492918,0.1764117,0.28282502,1.5543638425192057,-0.8886630774227933,0.6384812148543213,1.5997154079993223,0.7695009000967524,0.725974346987514,0.9351787992030907,0.5992878444424024,4.0,High,Low,High SPI / Low AI
PALAS,,9618217B98955281089867,PAK,ADM3,PALAS,PALAS,PALAS,0.266479879617691,141020,0.8050961494445801,141020,1410.343723108871,0.266479879617691,0.8050961494445801,1.6181684453833691,0.44154191236214224,1.1766265330212269,26,6,HH,1.6394353280770348,0.001,NS,-0.1329177776349112,0.224,HH,0.44767878941338307,0.04,False,False,True,57.39468,0.35347468,0.059608568,0.1933322,1.31047022219069,1.3291858902602696,-0.24823086216341575,0.7731407286640798,0.8959430236319419,0.791141494737906,0.9998087691224986,0.8458102274940459,0.0,High,Med,High SPI / Med AI
PATTAN,,9618217B74983796043949,PAK,ADM3,PATTAN,PATTAN,PATTAN,0.1869494616985321,64217,0.5770646929740906,64217,642.2212291880539,0.1869494616985321,0.5770646929740906,1.3610481094938387,-0.48309034083269736,1.8441384503265361,17,5,HH,1.6879146014268118,0.001,LL,0.43928171467675636,0.021,HH,1.1476272505699125,0.003,False,True,True,56.366756,0.14735973,0.09070807,0.33413136,1.2357677445851014,-0.15238434704038784,-0.012138707278035498,2.0735915862704504,0.8067131996431716,0.7862090691342821,0.8966249347333353,0.6330190803844727,0.0,High,Low,High SPI / Low AI
ADENZAI,,9618217B4451792369461,PAK,ADM3,ADENZAI,ADENZAI,ADENZAI,-0.655140221118927,38738,0.9168636798858644,38738,387.5036874842167,-0.655140221118927,0.9168636798858644,-1.3614118971317994,0.89474194496081,-2.2561538420926093,72,4,LL,1.3281858495930507,0.026,HH,0.5809978645755565,0.085,LL,1.061406034720927,0.035,False,False,False,24.079977,0.100082606,0.0018844545,0.010348002,-1.110615248216372,-0.49221597351807805,-0.6864439958278162,-0.9169399682834413,-0.8324461230775012,-0.8015537964614269,-0.8942584134284902,-0.7900013607198053,0.0,Low,High,Low SPI / High AI
LALQILLA,,9618217B49164558096656,PAK,ADM3,LALQILLA,LALQILLA,LALQILLA,-0.5349633097648621,21122,0.8900572657585144,21122,211.35278576809296,-0.5349633097648621,0.8900572657585144,-0.9728822172685218,0.7860460857215246,-1.7589283029900464,65,5,NS,0.45022258569307483,0.145,HH,0.4900590954464109,0.063,LL,0.5531478124034506,0.085,False,False,False,30.468214,0.12219487,4.7344e-05,0.03117992,-0.6463617386846059,-0.3332712953506125,-0.7003904371331193,-0.7245319741832201,-0.594528914640533,-0.6011388613378894,-0.6035734901098764,-0.5776673156213283,0.0,Low,High,Low SPI / High AI
MUNDA,,9618217B64606316264088,PAK,ADM3,MUNDA,MUNDA,MUNDA,-0.6588289141654968,22808,0.9305599331855774,22808,228.01114205602548,-0.6588289141654968,0.9305599331855774,-1.3733373719368165,0.9502781316995015,-2.3236155036363177,73,6,LL,1.6481393264323239,0.003,HH,0.8451688010045674,0.002,LL,1.4056574809885465,0.001,False,False,False,22.549833,0.11153981,0.002323746,0.016596923,-1.2218156624171503,-0.409860696311823,-0.6831091105957051,-0.8592236197641774,-0.8385672019959348,-0.7935022722722139,-0.9242298800249221,-0.7891637282322448,0.0,Low,High,Low SPI / High AI
SAMARBAGH(BARWA),,9618217B88301409575294,PAK,ADM3,SAMARBAGH BARWA,SAMARBAGH BARWA,SAMARBAGH(BARWA),-0.5196811556816101,28076,0.9060667753219604,28076,284.2665747426729,-0.5196811556816101,0.9060667753219604,-0.923475302357105,0.8509621684818395,-1.7744374708389445,66,4,LL,0.7343477485941616,0.059,HH,0.5679652275597529,0.079,LL,0.7514032071589567,0.054,False,False,False,30.263203,0.13346936,3.5179062e-05,0.033540502,-0.6612605671096213,-0.2522294095826873,-0.700482787380021,-0.7027291364414695,-0.5751409356483373,-0.5791754751284498,-0.5915579540445717,-0.5545770603189183,0.0,Low,High,Low SPI / High AI
TEMERGARA,,9618217B87730202746425,PAK,ADM3,TEMERGARA,TEMERGARA,TEMERGARA,-0.4134753942489624,64906,0.8944546580314636,64906,649.0157879567057,-0.4134753942489624,0.8944546580314636,-0.5801140857629284,0.8038768306040615,-1.38399091636699,55,8,LL,0.6008646581020071,0.001,HH,0.6294191585291582,0.001,LL,0.7287545496441579,0.003,False,False,False,31.061106,0.21394016,0.0012941792,0.036203105,-0.6032744128195797,0.326200947453584,-0.6909250759932103,-0.6781367738659947,-0.4034081775952979,-0.4115338288063002,-0.4417562943979538,-0.3575738246880005,0.0,Low,High,Low SPI / High AI
SWAT RANIZAI,,9618217B91992316601631,PAK,ADM3,SWAT RANIZAI,SWAT RANIZAI,SWAT RANIZAI,-0.601654052734375,65555,0.8628435730934143,65555,677.1415821315026,-0.601654052734375,0.8628435730934143,-1.188492127057675,0.6756987750646731,-1.8641909021223482,68,5,LL,1.1209993649541123,0.018,HH,0.4685272222810707,0.04,LL,0.8833040717482531,0.018,False,False,False,28.535492,0.11545844,0.0010925735,0.01382213,-0.7868188028289366,-0.38169331278555574,-0.6924555677130039,-0.8848521920828617,-0.6862714611456898,-0.6864549688525895,-0.7063442279409593,-0.6563953554250279,0.0,Low,Med,Low SPI / Med AI
BALAKOT,,9618217B1796422743035,PAK,ADM3,BALAKOT,BALAKOT,BALAKOT,0.0884559750556945,243355,0.5399168133735657,243355,2436.4136507362045,0.0884559750556945,0.5399168133735657,1.0426205313277161,-0.6337192415470561,1.6763397728747722,20,7,HH,0.9080381702542545,0.005,NS,0.1920602482826691,0.19,HH,0.5697714600240446,0.037,False,True,True,48.584194,0.19657882,0.0872083,0.2616774,0.6701841820609907,0.20140626756464447,-0.03870723329516433,1.404391621889393,0.5580529083313537,0.559318709554966,0.5802260028325585,0.4624590698473084,0.0,High,Low,High SPI / Low AI
MANSEHRA,,9618217B1764376648259,PAK,ADM3,MANSEHRA,MANSEHRA,MANSEHRA,-0.3167870938777923,133157,0.8053949475288391,133157,1368.082874998356,-0.3167870938777923,0.8053949475288391,-0.26752264064700704,0.4427534923352522,-0.7102761329822592,45,3,LH,-0.23937002358975515,0.068,NS,0.018935684994170844,0.477,NS,-0.1752026619475764,0.229,False,False,False,28.145216,0.2775313,0.051170543,0.042592194,-0.8151813983152033,0.7832989780704978,-0.3122882039004822,-0.6191257975572706,-0.2757715451842473,-0.24082410542561458,-0.39064300376216504,-0.1805056466821228,0.0,Med,Med,Med SPI / Med AI
ALPURI,,9618217B67800644266725,PAK,ADM3,ALPURI,ALPURI,ALPURI,0.1097306683659553,57179,0.7093082070350647,57179,571.8336793628346,0.1097306683659553,0.7093082070350647,1.111401212141456,0.05313663534515414,1.058264576796302,30,9,HH,0.4487501353931925,0.083,NS,0.007688313662436993,0.335,NS,0.0793786381784479,0.315,False,False,False,50.383755,0.40560347,0.0026583187,0.10117832,0.8009639730370426,1.7038916904784456,-0.6805691985271777,-0.07801196529040465,0.5545940804190598,0.43656862492447646,0.6274731500415731,0.5696126046292913,0.0,High,Med,High SPI / Med AI
BISHAM,,9618217B47007823281887,PAK,ADM3,BISHAM,BISHAM,BISHAM,-0.0321196764707565,18407,0.8010984063148499,18407,184.02470365650586,-0.0321196764707565,0.8010984063148499,0.6528017320339237,0.42533168288349565,0.227470049150428,36,5,HH,0.605491045235833,0.014,NS,0.1452363531484419,0.223,NS,0.03859596702347376,0.237,False,False,False,51.499825,0.30890423,0.06057478,0.043230895,0.8820723161758095,1.0088100660694104,-0.2408958424191806,-0.613226619868743,0.3901033347213012,0.259189979989324,0.5146798019585983,0.41505676108845924,0.0,High,Med,High SPI / Med AI
CHIKSAR,,9618217B39481930993585,PAK,ADM3,CHIKSAR,CHIKSAR,CHIKSAR,-0.1440897136926651,24074,0.8122048377990723,24074,240.65880789705173,-0.1440897136926651,0.8122048377990723,0.29080472091140475,0.47036654310480763,-0.1795618221934029,38,6,NS,0.14309352985248774,0.111,HH,0.263295219940883,0.073,NS,0.00351976058776036,0.471,False,False,False,48.273335,0.28017777,0.0068538673,0.04229457,0.6475930199759649,0.8023220531178202,-0.6487186528634094,-0.6218747214596884,0.17311939540642324,0.044830424692671844,0.29367191446308183,0.1795136504933299,0.0,Med,Med,Med SPI / Med AI
MARTUNG,,9618217B75574497464279,PAK,ADM3,MARTUNG,MARTUNG,MARTUNG,-0.2275180518627166,15128,0.8942193388938904,15128,151.34601738305108,-0.2275180518627166,0.8942193388938904,0.021082482625248568,0.8029226479322406,-0.781840165306992,47,4,NS,0.0013764323511663802,0.464,NS,0.482060030724504,0.109,NS,0.1211219864085199,0.287,False,False,False,42.55754,0.27994448,0.0038339503,0.025031768,0.23220811124015048,0.8006451279540221,-0.6716443809287966,-0.781317606565533,-0.009158276576307744,-0.10502718707503927,0.05828878308673027,0.024747235541222656,0.0,Med,High,Med SPI / High AI
PURAN,,9618217B85285460066544,PAK,ADM3,PURAN,PURAN,PURAN,-0.2574033737182617,24130,0.8301417231559753,24130,241.3192404649403,-0.2574033737182617,0.8301417231559753,-0.07553619730518062,0.5430978363200363,-0.6186340336252169,44,6,NS,0.00520390733886157,0.425,NS,0.25366995502231265,0.118,NS,0.09599564646799107,0.243,False,False,False,42.08966,0.25142977,0.0,0.031245584,0.19820576479208815,0.595679158089911,-0.7007498495540259,-0.7239254891699403,-0.06664326054508463,-0.15769760396049173,0.0045374132054313565,-0.045610808899397795,0.0,Med,Med,Med SPI / Med AI
BABUZAI,,9618217B96227356091196,PAK,ADM3,BABUZAI,BABUZAI,BABUZAI,-0.4201058745384216,32566,0.857529878616333,32566,325.5846085305739,-0.4201058745384216,0.857529878616333,-0.6015503030460764,0.6541525666021205,-1.2557028696481969,53,6,NS,0.25880937119261443,0.141,NS,0.320969165944094,0.102,NS,0.3347920815182025,0.104,False,False,False,35.003185,0.17358595,0.004114721,0.04691502,-0.31679094902095245,0.03613177530163623,-0.669512907536806,-0.5791992546014968,-0.35158632075958485,-0.38234283396440477,-0.3384759437708944,-0.3384558671902209,0.0,Low,Med,Low SPI / Med AI
BAHRAIN,,9618217B66331326355874,PAK,ADM3,BAHRAIN,BAHRAIN,BAHRAIN,0.219033807516098,318521,0.307002991437912,318521,3185.3552113610563,0.219033807516098,0.307002991437912,1.4647761922733593,-1.5781487308375204,3.0429249231108795,3,8,HH,1.2706786302607025,0.005,LL,1.362081907972846,0.007,HH,1.5246062119677766,0.004,True,True,True,52.762074,0.16235036,0.17917813,0.31833515,0.9738039668504481,-0.044630551531854044,0.6594825964626546,1.927694410520863,0.8471091519113969,0.8790876055755279,0.866052424166381,0.7327768352893713,4.0,High,Low,High SPI / Low AI
BARIKOT,,9618217B68002200879702,PAK,ADM3,BARIKOT,BARIKOT,BARIKOT,-0.5476511716842651,35069,0.81004399061203,35069,350.7276082587479,-0.5476511716842651,0.81004399061203,-1.0139018347154334,0.46160464229388526,-1.4755064770093187,56,5,LL,1.0073186666868508,0.015,HH,0.3096903520245859,0.053,LL,0.7110100472291399,0.02,False,False,False,30.24064,0.13618866,0.0035644015,0.026411677,-0.662900221400355,-0.23268288453054353,-0.673690662622176,-0.768572475318741,-0.5786384262109435,-0.5844615609679539,-0.5943261582974237,-0.5523834687326247,0.0,Low,Med,Low SPI / Med AI
CHARBAGH,,9618217B24557098667068,PAK,ADM3,CHARBAGH,CHARBAGH,CHARBAGH,-0.4683366119861603,13507,0.8814412355422974,13507,134.99297502027161,-0.4683366119861603,0.8814412355422974,-0.7574793643691012,0.7511094170893765,-1.5085887814584777,57,5,NS,0.16607886320174745,0.293,NS,0.2382204958089556,0.25,NS,0.2342842297285702,0.26,False,False,False,31.911587,0.16606204,0.010068853,0.03855124,-0.5414672499761217,-0.017950667891397192,-0.624312056650545,-0.6564488918119511,-0.45015339415699107,-0.4600447165825038,-0.46643790083571474,-0.42237072329468456,0.0,Low,High,Low SPI / High AI
KABAL,,9618217B36757297695869,PAK,ADM3,KABAL,KABAL,KABAL,-0.5955164432525635,40583,0.8660436272621155,40583,405.7665040758155,-0.5955164432525635,0.8660436272621155,-1.1686493517672665,0.688674499300924,-1.8573238510681904,67,7,LL,0.7424179568200443,0.036,HH,0.41370215646189273,0.036,LL,0.6646325702777047,0.032,False,False,False,23.43761,0.14446937,0.006825518,0.017372334,-1.157298059130628,-0.17316050296123386,-0.6489338680429381,-0.8520617531120244,-0.7485435706670208,-0.7078635458117061,-0.8384304733308051,-0.6891802986050968,0.0,Low,Med,Low SPI / Med AI
KHAWAZA KHELA,,9618217B23020330942802,PAK,ADM3,KHAWAZA KHELA,KHAWAZA KHELA,KHAWAZA KHELA,-0.3186922371387481,28650,0.7194160223007202,28650,286.5323435705348,-0.3186922371387481,0.7194160223007202,-0.273681932751728,0.09412226140139855,-0.36780419415312654,41,4,NS,-0.11090640566114714,0.204,NS,-0.015300685723203379,0.375,NS,-0.06046267259055797,0.276,False,False,False,34.0989,0.25033158,0.0034904014,0.048150282,-0.3825082486373673,0.5877853135113726,-0.6742524350439831,-0.5677901176438795,-0.23534006918280792,-0.2591913719534643,-0.26000344451958857,-0.1921485069453761,0.0,Med,Med,Med SPI / Med AI
MATTA,,9618217B40124352215218,PAK,ADM3,MATTA,MATTA,MATTA,-0.2889367043972015,68039,0.7246949076652527,68039,680.4163559458368,-0.2889367043972015,0.7246949076652527,-0.17748285857038487,0.11552732430155414,-0.29301018287193903,40,7,NS,-0.03231511383931,0.286,NS,-0.014749000032532876,0.337,NS,-0.026275866439165164,0.327,False,False,False,34.727047,0.25489792,0.009244698,0.062356383,-0.3368587983400205,0.6206085315137128,-0.6305686390690829,-0.43657957182782486,-0.17617808871996055,-0.19584961943080387,-0.20437992450180387,-0.13800417558933675,0.0,Med,Med,Med SPI / Med AI
TORGHER,,9618217B27486600301498,PAK,ADM3,TORGHER,TORGHER,TORGHER,-0.0546739511191844,44476,0.9537504315376282,44476,467.1352026233085,-0.0546739511191844,0.9537504315376282,0.5798841889720574,1.044312012269584,-0.4644278232975265,42,4,NS,0.06883943273878251,0.419,NS,0.5618234704329556,0.145,NS,0.056375341172762404,0.325,False,False,False,46.947334,0.36214387,0.00717053,0.05129557,0.5512283652423624,1.3915007549635459,-0.6463147049641894,-0.5387395663655613,0.30379426230976314,0.18941871221903936,0.3761561929144277,0.3404291248658909,0.0,Med,High,Med SPI / High AI
DIR,,9618217B75611380767926,PAK,ADM3,DIR,DIR,DIR,-0.0655442327260971,112244,0.6899107694625854,112244,1129.0781698158191,-0.0655442327260971,0.6899107694625854,0.5447407742747499,-0.025516970988184503,0.5702577452629344,34,6,NS,0.029991862456197806,0.429,NS,-0.0007874727627010806,0.5,NS,0.003994816123674909,0.485,False,True,False,40.687424,0.32931754,0.038011126,0.09786849,0.09630074468519768,1.1555425174515892,-0.41218803593553077,-0.10858226447962738,0.21843682991968483,0.1827682404304072,0.20114333077064298,0.2562186299852092,0.0,Med,Med,Med SPI / Med AI
SHARINGAL,,9618217B41054895723693,PAK,ADM3,SHARINGAL,SHARINGAL,SHARINGAL,0.2272515743970871,197298,0.348055899143219,197298,1972.763489668719,0.2272515743970871,0.348055899143219,1.4913440770649313,-1.4116855457169613,2.903029622781893,5,5,HH,1.1977291524708293,0.023,LL,1.016853396256434,0.05,HH,1.2804120612428571,0.022,True,True,True,50.092648,0.29541606,0.10801427,0.24714716,0.7798082881550632,0.9118560285076983,0.1192414776875317,1.2701871014651889,0.7787826238117408,0.7702732239538705,0.7806896366519793,0.7278377296404897,4.0,High,Low,High SPI / Low AI
WARI,,9618217B67850657595713,PAK,ADM3,WARI,WARI,WARI,-0.2373168766498565,48777,0.8384056687355042,48777,487.68500831272235,-0.2373168766498565,0.8384056687355042,-0.010596932452804592,0.5766068562585557,-0.5872037887113603,43,5,NS,0.004928254387929709,0.164,NS,0.269778860120102,0.135,NS,0.1586048701854376,0.133,False,False,False,35.397343,0.29612318,0.00032802345,0.056712694,-0.2881462758880848,0.9169388598006772,-0.6982596565047573,-0.4887058688594836,-0.10900958668350855,-0.13954323536291208,-0.13873019478854307,-0.059233019281334134,0.0,Med,Med,Med SPI / Med AI
